{"schemaVersion":"1.0","appDefinitionTemplate":{"id":"/providers/Microsoft.PowerApps/apps/","type":"Microsoft.PowerApps/apps","tags":{"primaryDeviceWidth":"1366","primaryDeviceHeight":"768","supportsPortrait":"true","supportsLandscape":"true","primaryFormFactor":"Tablet","publisherVersion":"3.23011.20","minimumRequiredApiVersion":"2.2.0","hasComponent":"false","hasUnlockedComponent":"false","isUnifiedRootApp":"false","sienaVersion":"20230122T121952Z-3.23011.20.0"},"properties":{"appVersion":"2023-01-22T12:19:52Z","lifeCycleId":"Published","createdByClientVersion":{"major":3,"minor":23011,"build":20,"revision":0,"majorRevision":0,"minorRevision":0},"minClientVersion":{"major":3,"minor":23011,"build":20,"revision":0,"majorRevision":0,"minorRevision":0},"backgroundColor":"rgba(246, 246, 246, 1)","backgroundImageUri":"/14430957131860345422/N0d8f82e2-f7f9-44ba-8ce6-9631b16cddd8-logoSmallFile","displayName":"Check Vehicle","description":"","commitMessage":"","appUris":{"documentUri":{"value":"/14430957131860345422/Neb28c025-d471-4c14-a745-7fad925835a4-document.msapp"},"imageUris":[],"additionalUris":[]},"createdTime":"0001-01-01T00:00:00Z","lastModifiedTime":"0001-01-01T00:00:00Z","sharedGroupsCount":0,"sharedUsersCount":0,"icons":{"smallIconUri":"/14430957131860345422/N0f2dc51c-e67d-4788-8c1d-3bebfc7e9649-small.png","mediumIconUri":"/14430957131860345422/Nb51f6417-04cd-4540-bd2f-d67be1e25783-medium.png","largeIconUri":"/14430957131860345422/N636d7786-9d08-4b21-8e47-379c21a4619f-large.png","wideIconUri":"/14430957131860345422/N50fa3f43-1209-4ab6-b7d9-ae0709a12da9-wide.png"},"connectionReferences":{"0bb02646-f87b-4202-bce7-dcd2fd6d453a":{"id":"08d88cdd-75ba-4250-9763-9ea58eb8a5b9","displayName":"SharePoint","iconUri":"https://connectoricons-prod.azureedge.net/u/juanq/gateway/greyhound/3000.150.11/1.0.1613.3116/sharepointonline/icon.png","dataSources":["Check vehicle"],"dependencies":[],"dependents":[],"parameterHints":{},"parameterHintsV2":{},"isOnPremiseConnection":false,"bypassConsent":false,"dataSets":{"https://secopetrial.sharepoint.com/sites/CheckVehicle":{"dataSources":{"Check vehicle":{"tableName":"a3edb788-c418-4635-8287-c433a2eeb0fc"}}}},"apiTier":"Standard","isCustomApiConnection":false,"actions":["providers/PowerPlatform.Governance/Operations/Read","providers/PowerPlatform.Governance/Operations/Write"]}},"databaseReferences":{"default.cds":{"databaseDetails":{"referenceType":"Environmental","environmentName":"default.cds","overrideValues":{"status":"NotSpecified"}},"dataSources":{"43b0dc67-68af-47ae-9a9c-9e69d396ba3e":{"entitySetName":"msdyn_aimodels","logicalName":"msdyn_aimodel"}},"actions":["providers/PowerPlatform.Governance/Operations/Read"]}},"almMode":"Environment","performanceOptimizationEnabled":true,"canConsumeAppPass":true,"enableModernRuntimeMode":false,"executionRestrictions":{"isTeamsOnly":false,"dataLossPreventionEvaluationResult":{"status":"Compliant","lastEvaluationDate":"2023-01-21T16:27:39.141784Z","violations":[],"violationsByPolicy":[],"violationErrorMessage":"The app uses the following connectors: shared_sharepointonline, shared_commondataservice."}}},"appType":"ClassicCanvasApp","appComponents":[]}}